,traffic
MYC,0.17113187539043664
IKBKE,0.1677385912348779
TRAF6,0.15944301936201827
TP53,0.12052291313591545
EGFR,0.1126981018490042
TRAF2,0.07940301591811647
MAP3K3,0.06279546994912599
IKBKG,0.05040565258370348
GRB2,0.047383773831717546
UBC,0.04593414141335063
RELA,0.0367805349065436
FLNA,0.03206098376528945
VCP,0.031650375169643724
MAP3K14,0.030478914594875953
APOA1,0.029966504914042697
FASLG,0.029692195120301076
NFKB2,0.028986201694230947
TNFRSF1B,0.02878370348827664
ERBB2,0.02835526721211855
TNFRSF14,0.026635582821323465
MYH9,0.0250063911428636
MAP3K1,0.02496563112662136
DAXX,0.02485123326333886
PPP2R1B,0.02322443411199914
CASP8,0.021975159447262464
LCK,0.0219034304556149
TNFRSF1A,0.020974776635766485
CREBBP,0.019315510242580762
AKT1,0.01927354824220583
EP300,0.019083694757433517
RIPK3,0.01895170960465395
PRKDC,0.016693663862088343
NCOR1,0.015935982377430078
NFKB1,0.015509761871044686
CAV1,0.015341172227097893
IKBKB,0.015288030989145985
NFKBIA,0.015003955190653125
FGFR3,0.014922875386456575
HSPA5,0.014474666984147485
YWHAZ,0.014395460761229639
LAMA4,0.013925176790584097
DNAJA3,0.013811832976567073
ERBB3,0.012467931380923615
HSPA9,0.012355442976360707
HSP90AB1,0.012224572212834763
CCR5,0.012046116235893467
HSPA8,0.011310636672975091
LYN,0.011249911860550958
RIPK2,0.010935218404413105
FN1,0.0109023368275857
MYH10,0.010668969077098184
JAK1,0.009943185158664505
ADAM15,0.009846022131098824
PTPRC,0.009712636403255322
TBK1,0.009618603031199562
CASP4,0.00946341181983252
NFKBIE,0.009061253063139957
MAP3K7,0.009058782235808856
PCMT1,0.008634661983566098
MAP3K5,0.008608585762335077
FAS,0.008477159766104213
STAT1,0.008445677626599682
FADD,0.008409992126972753
P62158,0.008290556703914162
P62988,0.00800597468885439
PDGFRB,0.007987464093036578
PTPRJ,0.007915925164874224
PTPRS,0.00789498655012803
SLC25A6,0.00781303854010624
FAF1,0.007734068468675263
ITGB1,0.007594035251934183
ABL1,0.007408239743711718
RUVBL1,0.007386145006856451
WAS,0.007348121849463419
HSP90AA1,0.007312078784115809
TUBB,0.007179292877676886
SRC,0.006954400630691743
GAPDH,0.0069275215468903514
TNFRSF10D,0.0068579994193986235
CD40,0.006796430853198495
PRKCA,0.006746467262145106
UBA52,0.0067014767657198005
RASSF1,0.006659397876956129
MET,0.006658622115810468
HSPA1L,0.006159775139730095
NAP1L1,0.006134470474764704
TRAF1,0.006035238389999321
NCK1,0.005964748935897087
PPP2R1A,0.005851831745064514
RUVBL2,0.005740954945487796
CDC2,0.005670288447658773
TP73,0.0055379698374702045
ACTN1,0.005492691703978074
CDC37,0.005466746173957242
CDC42,0.005354673466874595
APP,0.005331581671808132
IRS4,0.005327000922015441
KDR,0.005296233632540942
GHR,0.00527158602762986
SMARCA4,0.0051527578007776
TKT,0.005107700200392508
G3BP1,0.005050249616158565
PTPN1,0.0049716720631093145
FYN,0.004968620244091294
INSR,0.004940898084276064
YWHAE,0.004896569844057163
SMARCC1,0.004863033262077223
DNAJA1,0.004855223714717881
CFLAR,0.004841406655984011
ARRB2,0.004769945042954879
CALM3,0.004757013784471058
CYLD,0.004740004698854785
PLP2,0.004606852912278628
PTPN22,0.004566680607362284
PARP1,0.004520660821864332
IGHG1,0.004420027891594017
TNFSF10,0.0044186463980539475
FLJ10350,0.004410930037732176
TANK,0.00435462283442873
YWHAB,0.004328989832889278
GCN1L1,0.004324818903325443
HBXIP,0.004319569189127286
IL2RG,0.004294272079741777
IFNAR2,0.004281081968723338
NOTCH1,0.004257350508691759
BTK,0.004217626846948177
TNFRSF10C,0.00417237156121798
CSE1L,0.00416808510207451
CASP3,0.004159530382934087
RIPK1,0.004090700398162579
BIRC5,0.004090365156765555
CCR1,0.004066006808812665
BIRC2,0.004064929088874516
TRIM28,0.004002364055132811
NR3C1,0.0039638083819165315
ITGB3,0.0039522858095349485
NCL,0.003945024761637257
XPO1,0.0038620260289947473
MALT1,0.00385832310288554
UBQLN4,0.003850657305369964
ZBTB16,0.0038491893836519312
ITGB2,0.0038038589986426215
MAPK3,0.003803780766934201
CD44,0.003784794174024257
SH3GL2,0.0037669770615134427
CRK,0.0037435797610500584
NCOA3,0.0037433423547341567
HDAC1,0.0037209594287330983
CBL,0.0036864286474783837
TRADD,0.0036801336283820768
SYK,0.0036247529069209205
HLA-DQA1,0.0036190682028419945
CCDC59,0.0036169616732808917
ARRB1,0.0035749589642509625
HNRNPL,0.00356652469076187
MAP3K7IP2,0.0034841790073812775
HSP90B1,0.00347607904208325
PLCG1,0.0034745358955765204
ZNF512B,0.0034375159650648843
PIK3R1,0.003395777459661122
HSPB1,0.003342504546243753
CNTFR,0.00333028526830251
KRAS,0.003316564017732846
FGFR1,0.0032598892570784785
LAMC1,0.00325412641271356
BCL10,0.003234805619684248
MAP3K7IP1,0.0032308781030099833
PIK3CD,0.003215520923479949
JAK2,0.003214178443906663
ANK2,0.003189039225417439
HSP70-1,0.0031806386338005042
PPP5C,0.0031667383400391484
COL7A1,0.0031614286929841687
PLXNB1,0.0031614286929841687
ACVR2A,0.0031595517315594797
IGF1R,0.0031357125351650387
VAV1,0.0031153534555171634
HNRNPC,0.003111648252801018
CCT5,0.0031065460520122647
IRAK1,0.0030949175250189268
IL6ST,0.003090528093307414
PTPN13,0.0030835899929701057
TUBB4,0.0030661820848659586
GFI1B,0.003063785090001056
SMAD2,0.002999817953912559
CFTR,0.002963949702918218
REL,0.0029314685346215254
NTRK1,0.0029229116846942018
TGFBR2,0.0029169105484556164
EBI-1108795,0.0029107744038063786
Q13748,0.0029081001115181734
PFN2,0.0029015305311656595
CD4,0.002892304194000671
DIABLO,0.0028922978588195834
TNFAIP3,0.002876691684643216
BAD,0.002826640135882181
HSPD1,0.002813870981717063
BAX,0.002805421358447669
AR,0.0027911503205487226
MYD88,0.002780050634748379
PIN1,0.002758944410839057
IER3,0.0027206019400374416
ACTG1,0.002717422500957189
GTF3C1,0.0027153175538368085
DPP4,0.0026937088349858014
CSF2RB,0.0025994259610059014
TUBA3C,0.002551740972763437
PTPRF,0.002543277665111354
DDX3X,0.0025404871782291143
CCL5,0.0025237364417309564
BMX,0.002521254657163047
BCL6,0.00249751774069881
PLAUR,0.0024778920627269332
ALB,0.0024753644347566927
HNF4A,0.0024645195432676753
ATP2A2,0.0024597111137067635
KRT1,0.002458561583739119
CSK,0.002454488203669637
GTF2I,0.002451039948798147
CD2,0.0024369344772909407
PPP1CA,0.002420987473446911
VWF,0.002418001783600571
UBE2I,0.0024061694711700688
EEF1A1,0.002400399212566971
CXCL12,0.002393871673451288
BMP2,0.002371540760094299
DEDD,0.002371540760094299
CRP,0.002371540760094299
TNFSF13,0.0023706022793819545
ATXN1,0.0023687500693960585
CASP1,0.002358098268047779
XPO5,0.002347175879669881
BRCA1,0.002334993967818943
SQSTM1,0.0023154921364194328
LRDD,0.002306880642024548
TBP,0.002295698826562551
LAMA5,0.002277774228078589
NMI,0.002242085993755474
PA2G4,0.0022263102243364483
LAMB1,0.0022151715440741535
CUL1,0.002214170366563012
KPNB1,0.002188245864728526
CDKN2A,0.0021864779026022933
NPM1,0.0021849270807565145
MAPK8IP1,0.0021618889309808075
SLC25A5,0.002119522743571387
MDM2,0.002091592349535373
EPPK1,0.0020901385040376875
ITGB4,0.0020408962898975833
MAD2L1,0.0020407280230366398
BCL2,0.0020256544127306916
PDIA3,0.0019785432012580173
NGFR,0.0019754046778639356
TLR4,0.001956254343421291
PTPN11,0.0019465706400302544
YWHAG,0.0018942192352750368
CDK2,0.001870345854075018
IL4R,0.0018384494207735905
LRRC59,0.001837116931037247
ASCC2,0.0018328562247709934
PPP1CC,0.0018240477441574018
LTA,0.0018106920669439734
NCF1,0.0017980125605950037
ITGAV,0.0017631606540953785
CD3E,0.0017590772293133502
ATF3,0.0017311347351132505
EEF1G,0.0017213524502668555
C1QBP,0.0017199510100691022
TNS3,0.0017109244524513851
VIM,0.0017048252197166874
ALK,0.001702111173313666
HCLS1,0.0016898698753799138
SEL1L,0.0016735739222152445
CELSR2,0.0016699481160845086
HDAC2,0.001663917673512561
LDLR,0.0016560512041279693
CXCR4,0.0016382212782834675
MARS,0.0016180315739589516
MOAP1,0.0016162654700735057
CD5,0.0016065396969335071
SIVA1,0.0015981602092480362
XPOT,0.0015948080823084015
BIRC4,0.0015921005506566528
TEK,0.0015893952586408509
MCM3,0.001587182087789495
ETS1,0.001581340000300314
TNFRSF13B,0.0015810271733961991
PDGFB,0.0015810271733961991
PTPRN,0.001581027173396199
TUBA1A,0.0015592598914527084
HNRNPH1,0.0015463360264223133
PTK2,0.0015380924573042787
STAT3,0.0015321343243702022
CSF3R,0.0015298621438898704
PTPRB,0.0015268988994356944
SAE1,0.0015250594056967063
NP,0.0015250594056967063
RBBP7,0.0015143080330769826
CLTC,0.0015134923850589864
CHD3,0.0015112224506285943
SFN,0.0014920274896904075
IL1R1,0.0014851105321775843
PPP2R5C,0.0014785327221646875
SSR4,0.0014627884342927851
ARIH2,0.0014331427281879918
ESR1,0.0014218873613855737
TLR2,0.001409362846968101
KIAA1967,0.0014023743946954728
NOD1,0.001397832107166248
C14orf1,0.0013817483611590078
GBF1,0.001379661424634583
ATIC,0.001375523632373611
YWHAQ,0.001367785254973765
PDCD6IP,0.0013590130656016717
ICAM1,0.0013548052871111
PSME3,0.0013498587586455967
FHL2,0.0013363747928590648
ITGB7,0.0013334406701403048
P62807,0.0013296046134361713
FCGR2B,0.0013290488253810742
TXN,0.001326153700425052
RAF1,0.0013222309902990608
EPHB3,0.0013007509261911032
ATP1A1,0.0012968518512712986
SMARCC2,0.0012717679124905625
SMC4,0.0012709031578818492
AKAP13,0.0012694371827766033
RPS9,0.0012556069653003204
PSMB1,0.0012418875476140987
LRPPRC,0.0012310293001575586
IPO11,0.0012304638560093123
PTPN6,0.0012145420482369453
APAF1,0.001212744974339783
FGF2,0.0012087752374148328
SORL1,0.0011842374418121891
SHC1,0.0011762128782405498
CASP9,0.001170248129620339
PABPC4,0.0011702242053270497
SF3B3,0.001163848014252185
CHUK,0.0011586101111443255
XRCC6,0.0011474405489586266
TRAF3,0.001122708565619504
ANKS1B,0.0011157864552970194
SETDB1,0.0010992838655610215
TRIP13,0.0010971639083064606
CD27,0.0010862258458952678
SAT1,0.0010808769281031411
CRADD,0.0010791074033480686
HNRNPU,0.0010672711273702852
GUSBP1,0.001060191724975526
IFNAR1,0.001058648806408439
BCAR3,0.0010520200250523984
RIF1,0.0010498201200718088
C1orf103,0.0010498201200718088
RHOB,0.0010449864564127224
FLT1,0.0010436099182567946
EDA2R,0.001040208232828387
STRAP,0.0010343420975595307
CCL2,0.0010200804839826346
TYK2,0.0010165842087424383
FBL,0.0010085972674554252
KAT5,0.001006061127861037
PPP2CB,0.0009976336652348105
RAB11A,0.0009976336652348105
RAB7A,0.0009976336652348105
CTNNB1,0.000996454363646046
STK16,0.000996050565781459
FRAP1,0.000995123679339391
TUBB2B,0.0009904787509019985
RDX,0.0009888242926496403
FLT4,0.0009815426196094768
MOBKL3,0.0009808934032375387
SERPINE1,0.0009791030897629313
BAG2,0.000978434308092339
DAPK1,0.000977041450075491
BCL2L1,0.0009764611918559652
CSF2,0.0009713005078568929
BID,0.0009702893784558997
HNRNPF,0.0009676133648387335
PRLR,0.0009675221508708827
GARS,0.0009581740444769228
SKP1,0.0009420189398079611
ADRBK1,0.0009393865354753666
DNAJB1,0.0009362553534134945
EEF1A2,0.0009297297639335794
CDKN1B,0.0009295693870964769
MAPK1,0.0009259476973219783
CD74,0.0009216317068285284
PRKCD,0.0009135813565361977
TSC1,0.0009108295312570871
ADAM17,0.0009088438089167684
SH2D1A,0.0009062253060072671
UBE2V1,0.0008960060471558769
PTPRG,0.0008952120184637128
ITGAL,0.0008906986075930289
PSMD3,0.0008814927048102751
PRPF8,0.0008814927048102751
PSMC6,0.0008814927048102751
PSMD2,0.0008814927048102751
CSNK2A1,0.0008802817017034061
STUB1,0.0008802504298471596
NSMAF,0.0008782451425634604
PSMD11,0.0008700334858682964
RNF11,0.0008483465104679904
BIRC7,0.0008478074504699016
CYCS,0.0008465627283490699
ARHGEF1,0.0008454976690757897
LAMC2,0.0008420737812865691
FCER1G,0.0008414941642040965
SMC2,0.0008399840631870964
NR4A1,0.0008384170449817647
PSMA3,0.0008300838721188518
IQGAP1,0.0008285405304238122
CEBPZ,0.0008269584758739248
APIP,0.000817387001552571
LRP1,0.0008163447508497151
CASP8AP2,0.0008110997226587265
UBE2M,0.0008095946277166321
BCL2A1,0.0008078454909173075
RPS16,0.0008055900060955762
HDAC7A,0.0008006477727957397
CHD4,0.0007982858611698911
FGF1,0.0007970119342662988
FGFR4,0.0007919813984901671
MYL12A,0.0007917348392653913
GSTK1,0.0007908264136022146
IFNGR1,0.0007908264136022146
PDGFRA,0.0007908264136022143
EPHA2,0.0007908264136022143
DAP3,0.0007908264136022143
TRAF4,0.0007908264136022143
MPZL1,0.0007908264136022143
SOCS3,0.0007908264136022143
TNFSF13B,0.0007908264136022143
IL7,0.0007908264136022143
TNFRSF8,0.0007908264136022143
MADD,0.0007908264136022142
EDAR,0.0007908264136022142
MST1R,0.0007908264136022141
ATP5C1,0.0007887985518586339
TUBA4A,0.0007887985518586339
DNAJA2,0.0007887985518586339
HNRNPK,0.0007887985518586339
USP53,0.0007865497339536522
FANCI,0.0007805997584968609
USP9X,0.0007775623212341809
ETFA,0.000760669500189654
PCBP1,0.000760669500189654
CTPS,0.000760669500189654
PSMA1,0.000760669500189654
PSMA2,0.000760669500189654
PSMB3,0.000760669500189654
PSMC4,0.000760669500189654
PSMB4,0.000760669500189654
PSMC2,0.000760669500189654
MIF,0.0007570442179990307
TNFRSF10A,0.0007533014049029841
HIF1A,0.0007516229310913843
TICAM2,0.0007491703120823221
TENC1,0.0007456944038937089
IPO7,0.0007439280935127697
IL2,0.0007434582233734398
IARS,0.0007410306793805229
DHX9,0.0007401361720807163
MYO6,0.000739135348090132
CAD,0.0007362263789236241
SNRNP200,0.0007330952575082809
S100A11,0.000731987854640588
MCM7,0.0007231956543003928
SKIL,0.0007181386829761731
CNTF,0.000716456257559567
VDAC1,0.0007111723873983428
ERH,0.0007078171885641296
P62805,0.000703717869119669
TCP1,0.0006985505083357679
EIF3E,0.0006839657248443153
EIF3I,0.0006839657248443153
IL6,0.0006790800223793442
FANCD2,0.0006640731855945235
SF3A1,0.0006618806725753768
STAT5A,0.0006590145728284988
SUMO1,0.0006554165749643154
CITED2,0.0006529483359611609
RAC1,0.0006528974196310877
DSP,0.0006489737423493552
MAPK8,0.000648957974410867
VHL,0.0006260284155072482
ACTR3,0.000623968592054197
ACTR2,0.000623968592054197
DIP-400N,0.0006166506440103422
PSMB5,0.0006123114915709666
RASA1,0.0006120677506375499
ST13,0.0006094157954161675
PSMA7,0.0006086695497266113
COMMD1,0.0006062292982248526
CASP10,0.0006060950045683267
STAT5B,0.0005990955824336207
PPP1R12A,0.0005924694123797975
PPP2CA,0.000591608994034683
IRAK2,0.0005855767940946194
HDAC3,0.0005815258250559366
RPN1,0.0005767624928748661
EIF2S3,0.000576152085585025
PSMD6,0.000576152085585025
DYNC1H1,0.0005745645849864053
TEC,0.000573879748913852
PSMC1,0.0005657686021363083
PTPN12,0.0005653110955472575
PRKCQ,0.0005615573272018377
TIMM50,0.0005602817633139682
DDX24,0.0005532361285057175
RPS3,0.000546978004061663
YES1,0.0005467766867624404
AIFM1,0.0005452200050774087
PDPK1,0.0005406078107018148
GNL3,0.0005393499375046117
PIAS2,0.0005393499375046117
BCR,0.0005393499375046117
TAF9,0.0005393499375046117
PLK1,0.0005393499375046117
HUWE1,0.0005393499375046117
SP1,0.0005393499375046117
UBR1,0.0005364207992860602
BCAP31,0.0005343731634313168
PTPRO,0.000531913800627526
CCT4,0.0005302847314836784
CCT8,0.0005302847314836784
PHLDA3,0.0005211071867776874
IL6R,0.0005135966218006207
RPL23,0.0005115986522370399
CAPZA1,0.000510823539614017
DLG1,0.0005101127495704355
LRP2,0.0005082714510917615
RPL11,0.00050766490770824
HNRNPM,0.0005070728350764807
RPL8,0.0004982981355051647
EIF4A2,0.0004918224600544716
HADHA,0.0004888244223724809
KHDRBS1,0.0004866902425589357
TGFB1,0.00048589731574024623
HRAS,0.00048015858659538734
COPS3,0.0004731601086049617
DVL2,0.00047010004887873124
MATR3,0.0004670730591199798
SREBF2,0.0004664748506771349
FLNB,0.0004621545733320497
OTUD5,0.0004619933764203251
CCT3,0.0004615042979947358
RPS14,0.00045793161140038276
WRN,0.00045639270666725983
CHEK2,0.00045639270666725983
GANAB,0.0004533391066658736
SMARCB1,0.00045079007871632655
NOD2,0.0004472752249461283
ZHX1,0.00044380831490726586
ATF7IP,0.00044175933178422955
CARD8,0.00044086065863601953
MAP3K8,0.00044063322555583254
HSPE1,0.00043762209514046146
NCOA6,0.0004369311298235686
ATXN10,0.00043588811699100667
CASP7,0.0004341111513774121
RIN1,0.0004326184708842678
BCL2L11,0.00043093516414826667
EPHB6,0.0004300463238594658
CUL3,0.00042294677822066006
SSB,0.0004183441844612069
SOCS1,0.00041783848658450323
PTPRK,0.0004177626609312435
IGHA1,0.00041659569828780336
SORT1,0.00041550703507429304
PSMD1,0.0004132890195731404
NCK2,0.00041290852307672546
HCK,0.00041199883423749127
OTUD7B,0.00041087169843480044
ITGB5,0.00040383881558326483
RPL36,0.0004032879579543819
ZRANB1,0.0004004759015755308
GEMIN4,0.00040015114723036094
HADHB,0.00040015114723036094
CCT2,0.0003995304384952766
APPL1,0.0003955875099389755
MYL6,0.00039323048530545083
PTN,0.00039154454314326904
CAPZB,0.00038813182719389015
GNB2,0.00038813182719389015
IGF2BP1,0.0003853632099565129
TMEM33,0.0003853632099565129
PFDN5,0.0003853632099565129
SRP14,0.0003853632099565129
TNFSF14,0.0003853244891632688
NONO,0.00038427973694886593
CCT6A,0.0003828407343587022
KIAA1377,0.0003784138360168628
SLC25A1,0.00037839062903555513
UNC119,0.00037751395467408556
UBE2D1,0.0003761487716192302
NUCB2,0.0003738347853771145
EPRS,0.0003735354482643179
TRAF3IP2,0.000371958983931136
SNIP1,0.0003599354559678624
UBR2,0.0003599354559678624
PPP2R2A,0.00035715806654198004
SLC25A3,0.0003561878295232867
DDX21,0.000350605640441206
TUBB6,0.00034681064967008294
TNF,0.000344913256418666
BLNK,0.0003379497971480332
PFDN2,0.00033303795423788863
NEDD8,0.0003317985495714574
MYO1B,0.0003290287824476075
TLN1,0.0003277777172397806
PFKL,0.00032312145317033296
RARS,0.00032233698248301595
HSPA6,0.00032186123972162954
XIAP,0.000321722321184374
DDB1,0.000320826561105589
FBXW7,0.00031962410392624035
IGKC,0.00031824852306080884
BRAF,0.00031413261779299814
EIF2S1,0.00031291250881618064
AKAP8L,0.00030865811327763056
IQGAP2,0.00030865811327763056
MYBBP1A,0.0003079570464999725
PDIA6,0.0003077878066031837
HPRT1,0.0003077878066031837
SMAD3,0.0003055414385070463
PHB2,0.00030236815024330485
RPS3A,0.0003021312343360909
OAT,0.0002998253168983474
HEATR3,0.0002998253168983474
PSMC3,0.0002998253168983474
ATP5J2,0.0002998253168983474
PSMA4,0.0002998253168983474
COPG,0.0002998253168983474
FASTKD2,0.0002998253168983474
AP2A1,0.0002998253168983474
PSMD4,0.0002998253168983474
IL2RB,0.0002996810868118533
JAG2,0.00029636428296252334
ERAP1,0.00029461650270261867
RPS11,0.0002932604079232032
NFKBIB,0.00029107706102270153
DPM1,0.00028669034926675254
TOPORS,0.00028668060560756744
NOL3,0.00028668060560756744
NLRP1,0.00028625892983797925
UBE2L3,0.0002861519103897687
FBXO11,0.00028508145400322457
MAP4K1,0.00028157280238889784
LARS,0.0002765586663208102
CDK4,0.00026976153999259776
IKBKAP,0.0002692256983320233
FBXW11,0.0002674564272778205
UGGT1,0.00026369715685030604
TP53BP2,0.00026042499968740457
PTPN3,0.000259234509367007
HSPH1,0.0002546990313076163
GSK3B,0.00024971877885140135
APOH,0.00024971877885140135
HIST1H1E,0.0002484796404985391
RCN2,0.00024737613175951047
SEC61A1,0.0002446566441366135
LGALS3BP,0.0002413024444749899
CSNK2B,0.0002408386247867264
EPS8,0.00023612732354863142
USP7,0.00023429962609856892
ITK,0.0002316802019500029
USP18,0.00023113934025574667
GNB2L1,0.00023113934025574667
NMT2,0.0002308578834218262
CCL8,0.00022925407038042097
CCL7,0.00022925407038042097
PCNA,0.00022905185044599038
VDAC3,0.00022795639545794007
SNRPA1,0.00022795639545794007
CALM1CALM2CALM3,0.00022662893017721692
S100A8,0.00022621382157387242
COPB2,0.00022330106178023877
VTN,0.0002108799131691042
HSPA4,0.00020878559311883848
KCTD12,0.00020579896099222447
SIK2,0.00020524691626483461
PSMA6,0.00020376365218485165
OGT,0.00019983620034005051
CASP2,0.00019932439579577264
PDCD11,0.00019820709855720192
KRT16,0.00019803588702603368
KRT9,0.00019803588702603368
SUMO2,0.00019780171671679976
RPS27,0.0001961637592011794
MCC,0.00019565289646735517
PARK7,0.0001938544068078825
ATP5O,0.0001901644363912658
SET,0.0001901644363912658
PABPC1,0.0001874477712796196
RFC5,0.00018433575211287455
MYCBP,0.00018433575211287455
COPS6,0.00018389536792867743
TIE1,0.00018306494069358735
CCL13,0.00018243735666583839
EFTUD2,0.0001820448193645612
EEF1D,0.00017817184724616065
PRKCZ,0.00017718990499100015
TUFM,0.0001753058190312259
TNFRSF11A,0.0001731053898376543
POLR2H,0.00017285428350606675
LONP1,0.0001728070390676926
CARD11,0.00017259211814497102
SPTAN1,0.00016957795685879388
SH3RF1,0.00016839025256495013
SORBS2,0.00016839025256495013
RPS27A,0.00016805994610202143
SPTBN1,0.0001656953138675894
UBE2N,0.00016474569901236144
IRS1,0.00016444104025962008
DDX5,0.00016406524262934735
GNAI3,0.00016382220154622154
PRDX1,0.00016347667256683704
STAM2,0.00015864737338948935
ITGA5,0.00015850023242578102
ATR,0.00015793524984913408
ATM,0.00015793524984913408
ATP5A1,0.00015781882603460674
ARAP1,0.000157016341107457
MTPN,0.0001565135219649436
IMPDH2,0.0001565135219649436
RANBP1,0.0001565135219649436
HYOU1,0.0001565135219649436
GSPT1,0.0001565135219649436
PFAS,0.0001565135219649436
YWHAH,0.00015501782144038392
GH1,0.00015159092214105487
RPA1,0.00015132626830438017
FGF5,0.0001505021513500448
BCL3,0.0001493714920464459
SF3B1,0.00014682180284454182
MED28,0.0001432452125439567
FGR,0.00014231546577580587
HTRA2,0.00014192990073654053
ATP5B,0.00014170074596838917
TGM2,0.00013998581025493497
HLA-B,0.00013797806291182758
EZR,0.0001378805717411218
YA61,0.0001378805717411218
ECHS1,0.0001378805717411218
FABP5,0.0001378805717411218
BIRC3,0.00013619329800633733
VAV2,0.0001354474596162537
PTPLAD1,0.0001341838726368098
PSMD7,0.0001336439022305422
MSH2,0.00013292258110270724
IPO9,0.00013292258110270724
IDH3A,0.00013292258110270724
XPO7,0.00013292258110270724
STK4,0.00013177933173711448
NRIP1,0.0001297430258878712
VARS,0.00012919544824027465
UBE3A,0.00012892672725703033
TP53BP1,0.00012892672725703033
IL2RA,0.00012806243186183868
KIF5B,0.0001277166678568475
NUCB1,0.00012741303825785516
MYLK2,0.00012618962776309413
FAM113A,0.00012610958167665423
TNFRSF6B,0.00012575893804444468
PHB,0.00012508817249671546
SETD7,0.00012508817249671546
SLC25A11,0.00012443110430491528
SH2D2A,0.00011979752396794811
HIGD1A,0.00011977565209383043
NUP93,0.00011977565209383043
HEATR2,0.00011977565209383043
SMC1A,0.00011977565209383043
DCTN1,0.00011977565209383043
MDN1,0.00011977565209383043
MSH6,0.00011977565209383043
MTHFD1L,0.00011977565209383043
SMC3,0.00011977565209383043
RPL3,0.00011915816533281853
EWSR1,0.00011862165997668131
ACTB,0.00011857038378311682
FKBP5,0.00011809384058644413
GRB10,0.00011703740871141212
PRPF40A,0.00011667437260699605
PPIB,0.00011644152855865452
CCDC85B,0.00011599860143369086
ZAP70,0.00011539889240505302
EGF,0.00011463088159102252
CRKL,0.00011363166552290374
PIK3R2,0.00011172911025022693
IRAK3,0.00010892247627089077
IL1RL1,0.00010892247627089077
RPL38,0.00010691066864390694
RNF126,0.00010344680916426688
HNRPU,0.00010253843268313944
COIL,0.00010075462136221498
CLTCL1,9.991930504137428e-05
PFDN1,9.946614675491e-05
PSTPIP1,9.882534020856991e-05
SEC11A,9.745005867921808e-05
GDI2,9.745005867921808e-05
PRMT1,9.745005867921808e-05
UBXD8,9.655896052566779e-05
RADIL,9.626344389522526e-05
MDFI,9.496892221719037e-05
SNX9,9.46938867162772e-05
RPS27L,9.362582110531156e-05
CCT1,9.336555279401527e-05
NUDT21,9.282049741206782e-05
CHM,9.169115747654229e-05
RANBP9,9.062988293147903e-05
PPP6C,9.004023071819504e-05
ARHGEF2,9.004023071819504e-05
PSMA5,9.004023071819504e-05
PIK3C2B,8.945786739044554e-05
ANXA1,8.833621280827038e-05
SLC25A22,8.72451662498899e-05
SRPRB,8.72451662498899e-05
TNFRSF10B,8.71020616505997e-05
PTPRZ1,8.539567416720179e-05
S100A4,8.519304083293108e-05
PTEN,8.395536239751573e-05
QARS,8.275307564517561e-05
TNIP3,8.203557939010724e-05
HNRPM,8.128837192304358e-05
ILK,8.029429021749472e-05
MAP2K7,7.970256645212731e-05
PSMD13,7.915641126046633e-05
RPS10,7.915641126046633e-05
KPNA4,7.882255491751996e-05
PRKCE,7.773428948570666e-05
MRPL12,7.685431493636283e-05
MYO1D,7.575832097885996e-05
IL1RAP,7.563899758511933e-05
EIF3M,7.548097333479522e-05
EIF3J,7.548097333479522e-05
MLEC,7.548097333479522e-05
CBR1,7.548097333479522e-05
ETF1,7.548097333479522e-05
CACYBP,7.548097333479522e-05
BPNT1,7.548097333479522e-05
ANXA2,7.548097333479522e-05
EIF4G1,7.548097333479522e-05
NUDT5,7.548097333479522e-05
PDIA4,7.548097333479522e-05
AKR1B1,7.548097333479522e-05
MAT2A,7.548097333479522e-05
AK2,7.548097333479522e-05
NASP,7.548097333479522e-05
MAPRE1,7.548097333479522e-05
PGRMC1,7.548097333479522e-05
MSN,7.548097333479522e-05
PGD,7.548097333479522e-05
APRT,7.548097333479522e-05
RPL23A,7.548097333479522e-05
TAGLN2,7.548097333479522e-05
TRMT112,7.548097333479522e-05
YARS,7.548097333479522e-05
TSN,7.548097333479522e-05
TFRC,7.548097333479522e-05
ATP5F1,7.548097333479522e-05
UBA2,7.548097333479522e-05
STIP1,7.548097333479522e-05
GMFB,7.548097333479522e-05
UCHL1,7.548097333479522e-05
RPL18A,7.548097333479522e-05
RHOC,7.548097333479522e-05
SAR1A,7.548097333479522e-05
PTGES3,7.548097333479522e-05
PSMD14,7.548097333479522e-05
TBCA,7.548097333479522e-05
RAB5C,7.548097333479522e-05
BTF3,7.548097333479522e-05
TARS,7.548097333479522e-05
PSMD12,7.548097333479522e-05
PRKCSH,7.548097333479522e-05
TALDO1,7.548097333479522e-05
PSMB6,7.548097333479522e-05
GP6,7.526437048591533e-05
JAK3,7.414743031097497e-05
HAX1,7.284469899929514e-05
TNIP2,7.252810087749e-05
ROCK2,7.16722112544187e-05
COPS2,7.16722112544187e-05
SGK1,7.060373699585997e-05
OSM,7.027084748462544e-05
MME,6.971321946264555e-05
CALR,6.946498596564084e-05
PFKP,6.827082045439146e-05
USP45,6.812609895831343e-05
LIF,6.794093223961683e-05
FASN,6.590699550563603e-05
RPS6KA2,6.587186842004123e-05
ITGA6,6.551431907028122e-05
SPATA2,6.461731983510074e-05
hCG_1988342,6.452945761605375e-05
TNFRSF19,6.387706870213941e-05
EIF3F,6.380568283236707e-05
FSCN1,6.380568283236707e-05
XRCC5,6.266027572487968e-05
TUBGCP2,6.266027572487968e-05
EIF2C3,6.253401399425462e-05
PPP1R13L,6.212687812984015e-05
MDM4,6.212687812984015e-05
HMGB1,6.212687812984015e-05
WWOX,6.212687812984015e-05
MCL1,6.182549689669397e-05
CDCP1,6.149368809263688e-05
NUDC,6.142831462371617e-05
MAVS,6.090650906605646e-05
ZNF212,5.9112130067071946e-05
TPR,5.872103776147091e-05
VAV3,5.852579574391194e-05
SFXN1,5.847670181564684e-05
RPS6KA5,5.839567249682163e-05
MAGEA11,5.777331454833768e-05
EPS8L3,5.758415991457478e-05
ITGA3,5.586312106355408e-05
RPLP0,5.400378135775541e-05
RPL22,5.3803869049079607e-05
RPL32,5.3803869049079607e-05
GRWD1,5.3803869049079607e-05
CAMK2D,5.2893111078514195e-05
PAK2,5.1133656289993596e-05
MEN1,5.044086025493698e-05
SFPQ,4.99901237874884e-05
PDCD6,4.9396775401339877e-05
TPM3,4.936250555796269e-05
GULP1,4.931145948624993e-05
RABGAP1,4.931145948624993e-05
STK25,4.9117449156730124e-05
PDCD10,4.9117449156730124e-05
LAMB2,4.880767405542061e-05
LAMC3,4.880767405542061e-05
LCP2,4.877924542185255e-05
CSDE1,4.2390634794198576e-05
1683437,4.2390634794198576e-05
RHPN2,4.2390634794198576e-05
MTHFD1,4.2390634794198576e-05
WASL,4.195164285511547e-05
RPL35,4.02766028572646e-05
GLUD1,4.02766028572646e-05
RPL24,4.02766028572646e-05
RPL7,4.024584481695107e-05
VEGFA,3.9774457370028924e-05
PACSIN3,3.923656076078542e-05
MAD2L2,3.923656076078542e-05
UBE2F,3.921448376466413e-05
LAMA3,3.873025983948612e-05
TUBB2A,3.870648955527791e-05
DLD,3.864191383594932e-05
PLS3,3.864191383594932e-05
ACLY,3.864191383594932e-05
1585552,3.864191383594932e-05
SHMT2,3.864191383594932e-05
HSPBP1,3.8525956014161296e-05
RPA2,3.836044095133045e-05
RPS18,3.8308009887819065e-05
SH3PXD2A,3.785631124162825e-05
SORBS1,3.632379463248282e-05
UTP14A,3.602774170764644e-05
RPL35A,3.559766687114447e-05
UBE2D3,3.559766687114447e-05
UBE2D2,3.559766687114447e-05
UBE2D4,3.559766687114447e-05
UBE2E1,3.559766687114447e-05
SIRT6,3.538585119445824e-05
RPS19,3.52132788761039e-05
RPS8,3.447444380069134e-05
CFH,3.424015755628877e-05
SOD2,3.327492039815732e-05
RNF219,3.14670720898625e-05
IRF3,3.0849226548316716e-05
USP15,2.9309263411703528e-05
GLT8D3,2.9124678008169124e-05
MLLT4,2.8433920068196127e-05
CREB3,2.7345957901966576e-05
CCL4L2,2.7345957901966576e-05
CCL3,2.7345957901966576e-05
UBXN7,2.6559374487055526e-05
UBXN1,2.6559374487055526e-05
STAT2,2.652373549643785e-05
IRF9,2.652373549643785e-05
RPS13,2.650943749484847e-05
RPL18,2.650943749484847e-05
BCL2L2,2.5300555205213074e-05
KRT14,2.4847911947554853e-05
TNIP1,2.482624791587207e-05
MAP2K1,2.454979092273371e-05
MAP2K4,2.454979092273371e-05
DNAJB12,2.4286784879656874e-05
NFATC1,2.4198449657602854e-05
ATAD3A,2.3924838076119492e-05
SEC13,2.328213774763924e-05
PSMC5,2.294965001964189e-05
IL1B,2.278613751782224e-05
DARS,2.23673570596641e-05
ADAM9,2.1730271351056774e-05
SLC1A5,2.172633302674471e-05
TRAF5,2.168812593922597e-05
HSPA2,2.1662869085612436e-05
ACTL6A,2.1265073053058778e-05
LOC541472,2.0894341638825947e-05
GIT1,2.0860321138950085e-05
Q90VU7,2.07125853782846e-05
CCR2,2.045568352627691e-05
RGS12,2.017206457195358e-05
NOTCH3,2.0091918094060738e-05
FCGR1A,2.0019440667288422e-05
BAK1,1.986740568179958e-05
ANK3,1.9744062640491324e-05
CCL16,1.9470755812615105e-05
RPL13,1.9065929851523044e-05
KRTAP4-12,1.726201363876875e-05
PELI3,1.72489873606622e-05
PHGDH,1.703989225325761e-05
CCT7,1.691806324504591e-05
RPLP2,1.6892642282326405e-05
USP13,1.6840611073387554e-05
UXT,1.6466530570255765e-05
UBE2J1,1.6147641011499546e-05
JUP,1.6133318345887594e-05
TIRAP,1.5579442836780386e-05
LIFR,1.5119318011171667e-05
UACA,1.50624098121515e-05
LIMA1,1.5055273392203528e-05
DBN1,1.5055273392203528e-05
MYO1C,1.5055273392203528e-05
ATN1,1.443497426029601e-05
CASP6,1.365582094551144e-05
UBE2W,1.342512482676939e-05
RUNX1,1.3121389308578098e-05
KAT2B,1.3121389308578098e-05
GTF2B,1.3121389308578098e-05
CREB1,1.3121389308578098e-05
RELB,1.248010928952226e-05
SH3PX3,1.2184555006337745e-05
BAG5,1.1780938500527164e-05
HNRNPA1,1.0385719431170307e-05
CANX,9.994447615632727e-06
RPL27,9.586992050390166e-06
ILF2,9.586992050390166e-06
RPS4X,9.539609474817223e-06
RPL30,9.539609474817223e-06
GGA1,9.504637633730253e-06
GGA2,9.504637633730253e-06
TFG,9.067852431636523e-06
SEC16A,9.067852431636523e-06
HIST1H2BB,8.511387108012737e-06
MAPK14,8.449867766178284e-06
PPP1CB,8.008249363653663e-06
TRPM7,7.4174300417446465e-06
TRPM6,7.4174300417446465e-06
EPB41,7.4174300417446465e-06
SCIN,7.04702402854981e-06
ACTN4,7.04702402854981e-06
CORO1C,7.04702402854981e-06
RAI14,7.04702402854981e-06
GNB1,7.04702402854981e-06
MPRIP,7.04702402854981e-06
RPS5,6.154663274386056e-06
HSPA1B,5.9836520678151725e-06
O43318-2,5.807497307449987e-06
IPO8,5.803104751295019e-06
CDIPT,4.863989205884435e-06
MON2,4.863989205884435e-06
DDOST,4.863989205884435e-06
RPL14,4.6789359861201754e-06
RPS23,4.6789359861201754e-06
RPS6,4.6789359861201754e-06
RPL4,4.6789359861201754e-06
RPL10,4.6789359861201754e-06
RPL10A,4.6789359861201754e-06
IRS2,4.627162854054283e-06
LTB,4.130456662855785e-06
LOC387907,4.0799012835644104e-06
LAMA1,3.97290168225796e-06
LAMA2,3.97290168225796e-06
DNAJC7,3.895399865055902e-06
LTBR,3.845357221612317e-06
TRAF3IP1,3.714009279812665e-06
ENO1,2.5490344223466997e-06
LYZ,1.4092639602129868e-06
ITGA4,1.073016173351451e-06
TLR3,9.301472669189992e-07
EPOR,4.3283893905841427e-07
GAB1,4.3283893905841427e-07
LEPR,4.3283893905841427e-07
NSF,4.3283893905841427e-07
PKP4,4.3283893905841427e-07
CDH2,4.3283893905841427e-07
PXN,4.3283893905841427e-07
TNK2,4.3283893905841427e-07
GRIN2B,4.3283893905841427e-07
KCNA3,0.0
HN,0.0
LDHB,0.0
RPL9P9,0.0
RPL15,0.0
ID3,0.0
YBX1,0.0
IRF7,0.0
SGOL2,0.0
KRT10,0.0
EBI-1539279,0.0
HSPA4L,0.0
TLR5,0.0
FHOD1,0.0
CD14,0.0
STAP2,0.0
MAGED1,0.0
RASSF2,0.0
IRAK4,0.0
CDC25A,0.0
CDC25B,0.0
PHF10,0.0
PARD3,0.0
CHMP2B,0.0
ABLIM1,0.0
TSR1,0.0
RPL5,0.0
APLP1,0.0
PRKAR2A,0.0
AP1S1,0.0
ARD1A,0.0
ASNS,0.0
RPL27A,0.0
PLSCR1,0.0
RPL10L,0.0
APPBP2,0.0
RAP1B,0.0
FAU,0.0
EXOSC10,0.0
C16ORF14,0.0
CSDA,0.0
BYSL,0.0
ZC3H12A,0.0
RPL9RPL9P7RPL9P8RPL9P9,0.0
HCRT,0.0
AIMP1,0.0
RPS20,0.0
USP1,0.0
TFCP2,0.0
STAU1,0.0
CRY1,0.0
RSL1D1,0.0
DTNB,0.0
RRP12,0.0
KTN1,0.0
ADSS,0.0
HLA-DQB1,0.0
RPS17,0.0
AARS,0.0
TLE1,0.0
RPS12,0.0
ACOT13,0.0
ACP1,0.0
VPS13D,0.0
STRN,0.0
EIF2C4,0.0
RPL6,0.0
ATP5D,0.0
CTTNBP2,0.0
HNRNPA3,0.0
KIF14,0.0
NFATC2,0.0
BMPR1B,0.0
GLG1,0.0
BMPR1A,0.0
SPRR3,0.0
E2F1,0.0
SPAG9,0.0
KPNA1,0.0
BMPR2,0.0
STK24,0.0
RP11-3J11.4,0.0
POLRMT,0.0
CTTNBP2NL,0.0
VPS25,0.0
DOCK5,0.0
FAM40A,0.0
AKT2,0.0
AKT3,0.0
ELF3,0.0
PPP2R5A,0.0
PPP2R2D,0.0
PPP2R2C,0.0
INPP5D,0.0
PPP2R2B,0.0
STRN3,0.0
ICAM2,0.0
PSCD1,0.0
SIKE1,0.0
POU2AF1,0.0
RALA,0.0
TLN2,0.0
POM121,0.0
WDR37,0.0
CDC20,0.0
FGFR1OP,0.0
CKB,0.0
XPA,0.0
COMMD10,0.0
COMMD2,0.0
BTRC,0.0
ANXA5,0.0
EEF2,0.0
PPP2R5D,0.0
GNA13,0.0
PPP2R5E,0.0
STK3,0.0
PRDX2,0.0
RAB18,0.0
EDA,0.0
EXOSC8,0.0
E4F1,0.0
SAPS3,0.0
SAPS2,0.0
hCG_2045902,0.0
ANKRD17,0.0
PLA2G4A,0.0
IkBa,0.0
STRN4,0.0
TRAF3IP3,0.0
MMP2,0.0
PYCR2,0.0
LKP,0.0
RPS24,0.0
UBR5,0.0
"""WUGSC:H_RG054D04.1""",0.0
RPS15A,0.0
CNKSR1,0.0
KLF6,0.0
RPL7A,0.0
ANKHD1,0.0
TUBB1,0.0
COTL1,0.0
C3ORF28,0.0
PYGL,0.0
RAB14,0.0
RAB21,0.0
RAB5A,0.0
ASPSCR1,0.0
SNCG,0.0
RAD50,0.0
RBM8A,0.0
EXT2,0.0
GRB14,0.0
BBC3,0.0
PPP2R5B,0.0
CAMLG,0.0
BAT3,0.0
RPL31,0.0
DCTN4,0.0
DMD,0.0
TNIK,0.0
OBSCN,0.0
RRM1,0.0
ATXN3,0.0
PTRH2,0.0
SBDS,0.0
DERL1,0.0
EBI-979338,0.0
KIT,0.0
PGRMC2,0.0
UBE4B,0.0
PITPNB,0.0
WDR8,0.0
UBXN8,0.0
UBXN6,0.0
PPP4C,0.0
PRDX5,0.0
UBXN4,0.0
PRPF19,0.0
UBXN10,0.0
TFE3,0.0
PPM1B,0.0
PON2,0.0
NDRG1,0.0
FAF2,0.0
PSME2,0.0
CD2BP2,0.0
SDHA,0.0
C6orf211,0.0
PJA2,0.0
KBTBD7,0.0
CUL2,0.0
TBR1,0.0
TFAM,0.0
ORM1,0.0
THOP1,0.0
TMED9,0.0
TMEM111,0.0
TOMM34,0.0
TPD52,0.0
TPD52L2,0.0
TPT1,0.0
HLA-DPA1,0.0
TSNAX,0.0
TTLL12,0.0
TWF1,0.0
UBE2K,0.0
OPTN,0.0
AZI2,0.0
KLHL22,0.0
SYNCRIP,0.0
SDHB,0.0
PLAA,0.0
SEC22B,0.0
SEC23B,0.0
2002-09-01 00:00:00,0.0
SERBP1,0.0
VCPIP1,0.0
UFD1L,0.0
SF3B14,0.0
NPLOC4,0.0
SGTA,0.0
AMFR,0.0
SLK,0.0
SMAP,0.0
SND1,0.0
SNRPB2,0.0
SNX3,0.0
WDR26,0.0
SRM,0.0
UBR4,0.0
SSR1,0.0
40038273,0.0
PDXK,0.0
BRD7,0.0
CD3D,0.0
EIF3A,0.0
EIF3D,0.0
CCL1,0.0
RABIF,0.0
GPRASP1,0.0
EIF4H,0.0
EIF5,0.0
ERP29,0.0
VOPP1,0.0
ETFB,0.0
MAF1,0.0
CDH1,0.0
FAM128B,0.0
FAM49B,0.0
FH,0.0
FHL1,0.0
GLO1,0.0
GLOD4,0.0
GLRX3,0.0
EEF1B2,0.0
DSTYK,0.0
WIPF1,0.0
DSTN,0.0
TNPO2,0.0
RALY,0.0
CCDC58,0.0
CISD2,0.0
CKMT1ACKMT1B,0.0
CLIC1,0.0
CNPY2,0.0
FAM195A,0.0
AURKB,0.0
COX4I1,0.0
CPSF6,0.0
CRYZ,0.0
CSTF3,0.0
DCTN2,0.0
DDT,0.0
PILRA,0.0
RBL1,0.0
DLST,0.0
GRIP1,0.0
GMPS,0.0
ATG5,0.0
HMGCS1,0.0
HSDL2,0.0
MRPS14,0.0
YAP2,0.0
YAP1,0.0
NAPA,0.0
NARG1,0.0
NARS,0.0
PPP1R13B,0.0
NAT5,0.0
NCBP2,0.0
NCDN,0.0
ITCH,0.0
OTUB1,0.0
PMS2,0.0
PAK1,0.0
SLAMF1,0.0
WBP4,0.0
GAS7,0.0
PDCD5,0.0
PDHB,0.0
MRPL14,0.0
GAP43,0.0
ACTR6,0.0
F8,0.0
PLEKHA1,0.0
PLEKHA2,0.0
PKN2,0.0
ISYNA1,0.0
KARS,0.0
KIF11,0.0
GP1BA,0.0
LAGE3,0.0
LSM12,0.0
EIF1B,0.0
LTA4H,0.0
LYPLA1,0.0
ADAMTS13,0.0
MANF,0.0
GABARAPL2,0.0
FTSJ1,0.0
MCM2,0.0
METTL11A,0.0
PCSK9,0.0
RNH1,0.0
IPO5,0.0
EIF3K,0.0
CD81,0.0
CNP,0.0
CTAGE5,0.0
CYB5A,0.0
CYB5B,0.0
DCXR,0.0
derp12,0.0
DUPD1,0.0
EIF1AX,0.0
EIF4E,0.0
C19orf10,0.0
EIF4E2,0.0
ERLIN1,0.0
ESD,0.0
FAAP24,0.0
GSTM3,0.0
GSTO1,0.0
HADH,0.0
HARS,0.0
HMGB2,0.0
CARHSP1,0.0
C13orf33,0.0
NR2E3,0.0
ABCE3,0.0
632982,0.0
ERP44,0.0
KATNA1,0.0
SLC30A7,0.0
SLC39A7,0.0
DHX30,0.0
RDBP,0.0
NCOR2,0.0
40040348,0.0
ACAT2,0.0
C12orf35,0.0
AHCY,0.0
AHCYL2,0.0
AIMP2,0.0
APEX1,0.0
APOA1BP,0.0
ARPC2,0.0
ASXL2,0.0
BRI3BP,0.0
BUB3,0.0
HMGB3,0.0
HNRPDL,0.0
IER3IP1,0.0
SDCCAG8,0.0
PSMD8,0.0
RAB10,0.0
RANGAP1,0.0
RAP1A,0.0
RCC1,0.0
RCC2,0.0
REXO2,0.0
RPA3,0.0
RTN4,0.0
2011-09-01 00:00:00,0.0
IGF2R,0.0
2009-09-01 00:00:00,0.0
SLC16A1,0.0
SLIRP,0.0
TARSL2,0.0
TCEB1,0.0
THRAP3,0.0
TJP2,0.0
TMED10,0.0
TMEM109,0.0
PSMB2,0.0
PRPSAP1,0.0
PREP,0.0
PPM1G,0.0
KHSRP,0.0
MARCKS,0.0
MCM6,0.0
MOBKL1B,0.0
MRPL13,0.0
MRTO4,0.0
MT-CO2,0.0
NAT13,0.0
NHP2,0.0
NHP2L1,0.0
NPEPPS,0.0
NUDT11,0.0
NUP155,0.0
OR10J1,0.0
PAFAH1B2,0.0
PAICS,0.0
PHPT1,0.0
PNO1,0.0
PNPT1,0.0
CD40LG,0.0
PRKD2,0.0
LIN54,0.0
AASDHPPT,0.0
HIST1H2AE,0.0
CSNK1A1,0.0
FAM131C,0.0
ZBTB22,0.0
LLGL1,0.0
MYL9,0.0
S100P,0.0
ZIC2,0.0
AUP1,0.0
AFF4,0.0
hSF21,0.0
ANKRD26L1,0.0
APEX2,0.0
BAHD1,0.0
BANP,0.0
C16orf48,0.0
C5orf55,0.0
CALCOCO2,0.0
CCDC130,0.0
CCDC33,0.0
C2orf30,0.0
HIST3H3,0.0
None,0.0
SNX33,0.0
TRIM38,0.0
PAX5,0.0
BAIAP2L1,0.0
CACNB3,0.0
DLG2,0.0
ITSN2,0.0
MIA,0.0
OSTF1,0.0
SH3PXD2B,0.0
SORBS3,0.0
P04908,0.0
SPTA1,0.0
SRGAP1,0.0
TJP3,0.0
RAB35,0.0
MAP3K6,0.0
HTATIP,0.0
TRAP1,0.0
AFG3L2,0.0
ERLEC1,0.0
CDCA3,0.0
DLGAP5,0.0
FAM107A,0.0
PSMF1,0.0
USP2,0.0
ZBTB25,0.0
ZBTB43,0.0
ZFAND6,0.0
ZNF205,0.0
ZNF646,0.0
DKFZp761H172,0.0
DLG7,0.0
FBF1,0.0
TCEANC,0.0
FAM120B,0.0
TRPC4AP,0.0
UBXD5,0.0
FEZ1,0.0
ADCYAP1R1,0.0
CRHR1,0.0
VIPR1,0.0
ACP5,0.0
C7orf64,0.0
DKFZP564O0523,0.0
UBXN11,0.0
UBE2Z,0.0
TRPT1,0.0
TRIM31,0.0
FATE1,0.0
FBXO28,0.0
FXR2,0.0
GORASP2,0.0
GSTP1,0.0
HINFP,0.0
KIAA0408,0.0
KIAA1267,0.0
LZTS2,0.0
NECAP2,0.0
RGS14,0.0
RHEBL1,0.0
RIBC2,0.0
SETD5,0.0
SOX30,0.0
SPG21,0.0
SPRY2,0.0
TCEB3B,0.0
THAP7,0.0
TRAFD1,0.0
UBE2V2,0.0
FAM62A,0.0
CYTSA,0.0
DPP8,0.0
TNFRSF17,0.0
CCR4,0.0
CCR10,0.0
QKI,0.0
MBD4,0.0
AIF1L,0.0
BNIP3L,0.0
BASP1,0.0
GNB4,0.0
TNFRSF21,0.0
MYL6B,0.0
PPP1R9B,0.0
TIAF1,0.0
TPM1,0.0
WDR61,0.0
REC14,0.0
LRRCC1,0.0
SDPR,0.0
SPOP,0.0
DAP,0.0
CLEC4G,0.0
FBN1,0.0
USP5,0.0
NSFL1C,0.0
USP22,0.0
RANBP3,0.0
KHK,0.0
PGF,0.0
hA2aR,0.0
RBBP4,0.0
FXN,0.0
SEPHS1,0.0
WDR1,0.0
KRT18,0.0
ATXN2,0.0
CAMK2A,0.0
XRCC4,0.0
IL11,0.0
TNFSF8,0.0
MYOZ1,0.0
CACNA1A,0.0
RND1,0.0
TOMM20,0.0
PRKCDBP,0.0
FLOT1,0.0
SCP2,0.0
FAM62AESYT1,0.0
SRGAP2,0.0
USF2,0.0
SRGAP3,0.0
CCDC50,0.0
INCENP,0.0
CCAR1,0.0
COPA,0.0
ECM29,0.0
F7,0.0
CLEC4C,0.0
ID1,0.0
GOLGA3,0.0
IGHG3,0.0
TBCD,0.0
TUBA4B,0.0
TUBA8,0.0
USO1,0.0
UTP20,0.0
CDCA8,0.0
ATRIP,0.0
SNX18,0.0
SKAP2,0.0
SH3RF2,0.0
SH3GL3,0.0
LGALS2,0.0
MAGEH1,0.0
DPPA2,0.0
ARHGAP9,0.0
CACNB4,0.0
DNMBP,0.0
DOCK4,0.0
DAAM1,0.0
CNBP,0.0
FGF19,0.0
FYB,0.0
KALRN,0.0
TRIP10,0.0
MACC1,0.0
MPP4,0.0
MYO15A,0.0
NCKIPSD,0.0
RIMBP3C,0.0
SAMSN1,0.0
PRKAB1,0.0
EPS8L2,0.0
UEVLD,0.0
ZBTB6,0.0
SLC25A4,0.0
TTC35,0.0
XPNPEP3,0.0
TCF12,0.0
EIF2AK3,0.0
CARD14,0.0
ANP32A,0.0
NT5DC2,0.0
RUNX1T1,0.0
FAM101B,0.0
SERPINB3,0.0
LRSAM1,0.0
LCAT,0.0
ABCA6,0.0
APOC1,0.0
APOC3,0.0
C1QA,0.0
C1QC,0.0
CLU,0.0
CP,0.0
SLC1A3,0.0
DACH1,0.0
TARDBP,0.0
RPS29,0.0
UK114,0.0
VDAC2,0.0
VPS35,0.0
VTA1,0.0
CCL20,0.0
SPHK1,0.0
DOK2,0.0
EBI-1264387,0.0
BAG1,0.0
UNC84B,0.0
HEATR6,0.0
ZMYND11,0.0
SRCAP,0.0
SKI,0.0
HDAC9,0.0
ACTBL3,0.0
ATP2A1,0.0
CBWD2,0.0
COPB1,0.0
DBT,0.0
CTSL1,0.0
DNTT,0.0
FAM169A,0.0
LHPP,0.0
NGFB,0.0
SAPS1,0.0
SALL2,0.0
C2orf47,0.0
C7orf20,0.0
CNIH4,0.0
DCD,0.0
GCLM,0.0
RP4-579N16.5,0.0
NCLN,0.0
FAM83C,0.0
P4HB,0.0
PER2,0.0
PSPH,0.0
QIL1,0.0
ANKRD28,0.0
RNMTL1,0.0
EPS8L1,0.0
SLC25A10,0.0
SPCS2,0.0
KIDINS220,0.0
NGFRAP1,0.0
SLC27A6,0.0
LY96,0.0
FGA,0.0
HBA1HBA2,0.0
KIAA0754,0.0
LECT1,0.0
MOCOS,0.0
P01614,0.0
P10266,0.0
PDE4B,0.0
PTPN5,0.0
QDPR,0.0
ROBO3,0.0
RRP1B,0.0
SAFB2,0.0
SERTAD3,0.0
SETX,0.0
SMPDL3A,0.0
SPEF2,0.0
TTR,0.0
TXNDC2,0.0
GART,0.0
RBPJ,0.0
VMA21,0.0
DAB1,0.0
KCNQ1,0.0
CHN1,0.0
ANKS1A,0.0
ABL2,0.0
PELI1,0.0
SLA,0.0
UNQ175,0.0
TMBIM6,0.0
SUPT6H,0.0
SLA2,0.0
SHC2,0.0
CD9,0.0
SH2D5,0.0
SH2D1B,0.0
SH2B2,0.0
RIN2,0.0
MIST,0.0
MATK,0.0
MAPK8IP2,0.0
SP100,0.0
FER,0.0
DOK4,0.0
GRAP2,0.0
EIF1AD,0.0
SIRT3,0.0
LPLUNC3,0.0
MAPK13,0.0
IL16,0.0
BLR1,0.0
CCRL1,0.0
CCL11,0.0
VASP,0.0
USP3,0.0
NLK,0.0
TXK,0.0
SHC3,0.0
SH2B3,0.0
PLCG2,0.0
BTBD10,0.0
MUC7,0.0
PIK3R3,0.0
GRB7,0.0
DOK6,0.0
DOK1,0.0
WDYHV1,0.0
CDC6,0.0
UBE2G2,0.0
AASS,0.0
ABCB7,0.0
ACACA,0.0
ACOT8,0.0
CTGF,0.0
AKAP8,0.0
SCGB1A1,0.0
ALDH18A1,0.0
ALDH1B1,0.0
CD79A,0.0
AP3D1,0.0
ARCN1,0.0
ARF4,0.0
TF,0.0
ARL1,0.0
ARMC6,0.0
ASS1,0.0
ITGB8,0.0
TAF12,0.0
YY1,0.0
ZNF675,0.0
GPS1,0.0
CISH,0.0
BLK,0.0
APBB3,0.0
APBB1,0.0
NRG1,0.0
ERBB4,0.0
PTK6,0.0
SCYL3,0.0
AATF,0.0
CD69,0.0
CDK5RAP3,0.0
HIST1H1C,0.0
IL8,0.0
SNAPAP,0.0
SNAPIN,0.0
MED31,0.0
PRKACA,0.0
CCDC53,0.0
VRK2,0.0
FANCC,0.0
IFNG,0.0
ATAD2,0.0
RASA4,0.0
ODF2L,0.0
ING2,0.0
FLYWCH1,0.0
KIAA0776,0.0
ZNF655,0.0
RHOA,0.0
UMPS,0.0
TMEM147,0.0
SH3BP2,0.0
MYCBPAP,0.0
LSM10,0.0
TGFB3,0.0
LOC51035,0.0
IARS2,0.0
GSN,0.0
ARHGEF6,0.0
ARHGEF7,0.0
NPHP1,0.0
SH3GLB1,0.0
EPAS1,0.0
IFNA2,0.0
PSMB9,0.0
IFNA8,0.0
APBA3,0.0
SLC5A1,0.0
P68431,0.0
GAB2,0.0
SGSM2,0.0
RABGEF1,0.0
CD59,0.0
AREG,0.0
IL13RA1,0.0
SMURF2,0.0
PRAF2,0.0
ARL6IP5,0.0
CHN2,0.0
APCS,0.0
IFNA1,0.0
IFNA5,0.0
TNS4,0.0
DAPP1,0.0
IFNB1,0.0
SH3MD4,0.0
CTNNBIP1,0.0
COPE,0.0
SMAD9,0.0
TAX1BP1,0.0
MCM5,0.0
ATF4,0.0
ELP3,0.0
IKZF4,0.0
LCMR1,0.0
CXCR3,0.0
CCR3,0.0
RWDD3,0.0
MED19,0.0
CCL15,0.0
IGF1,0.0
SLC23A3,0.0
CCL14,0.0
ITGA2B,0.0
ARHGEF12,0.0
RARA,0.0
NCOA1,0.0
OS9,0.0
LAPTM5,0.0
PAPOLA,0.0
KRR1,0.0
PI4K2B,0.0
SH2D4A,0.0
SPHK2,0.0
SPAG5,0.0
FOXO1,0.0
MAPT,0.0
BPGM,0.0
CD22,0.0
NCOA4,0.0
SERTAD4,0.0
TICAM1,0.0
IL7R,0.0
CRTC2,0.0
HTT,0.0
RPS6KB1,0.0
IRF5,0.0
C9orf89,0.0
COPS5,0.0
SREBF1,0.0
ANGPTL3,0.0
IGHM,0.0
ATP6V1H,0.0
MYO5C,0.0
MYO9B,0.0
NCAPD3,0.0
NCAPG2,0.0
UTP15,0.0
NDUFA5,0.0
NDUFA8,0.0
NDUFS1,0.0
NDUFS2,0.0
NDUFS3,0.0
NEK9,0.0
NOC2L,0.0
NOL11,0.0
NOL9,0.0
UNC45A,0.0
NOP56,0.0
nt_022184_14_human,0.0
NUP133,0.0
NUP153,0.0
NUP188,0.0
MYO9A,0.0
MYO5A,0.0
PLAU,0.0
WDR5,0.0
LBR,0.0
LMNA,0.0
SURF2,0.0
PXMP2,0.0
MAGED2,0.0
MAPKAP1,0.0
GRINL1A,0.0
PELI2,0.0
ARF1,0.0
ZNF281,0.0
METTL13,0.0
MKLN1,0.0
MMS19,0.0
MOGS,0.0
MRPS22,0.0
MRPS34,0.0
ZBTB17,0.0
MSH3,0.0
WDR77,0.0
NUP205,0.0
UBE3C,0.0
OPA1,0.0
P4HA1,0.0
SQRDL,0.0
SPTLC1,0.0
SMARCAD1,0.0
SMARCA5,0.0
SLIT2,0.0
SLC25A13,0.0
SLC25A12,0.0
SKIV2L,0.0
SHOC2,0.0
SARS,0.0
RPP30,0.0
PSME4,0.0
PTGES2,0.0
PTPN14,0.0
RANBP2,0.0
RFC1,0.0
RFC2,0.0
RFC3,0.0
RPN2,0.0
SR140,0.0
STAG2,0.0
SUCLG1,0.0
POLE,0.0
TUBGCP4,0.0
TUBG1,0.0
PDS5A,0.0
PDS5B,0.0
PELO,0.0
PGAP1,0.0
PLOD3,0.0
POLD1,0.0
POLR1A,0.0
TMPO,0.0
POLR2A,0.0
POLR2B,0.0
TTC27,0.0
PPT1,0.0
PRPF6,0.0
TRM1L,0.0
TOP2A,0.0
TNPO3,0.0
LAS1L,0.0
MEIS1,0.0
BTAF1,0.0
DHX15,0.0
DIAPH3,0.0
DIMT1L,0.0
NDUFS6,0.0
DNAJB6,0.0
DNM2,0.0
KRT8,0.0
HBZ,0.0
ECT2,0.0
FLJ10324,0.0
CTSK,0.0
CHGB,0.0
EIF4A1,0.0
EIF4ENIF1,0.0
CCDC17,0.0
ERCC3,0.0
BORA,0.0
EXOC1,0.0
EXOC3,0.0
EXOC4,0.0
DHX37,0.0
DDX52,0.0
KPNA2,0.0
POLA2,0.0
PLEC1,0.0
ICAM3,0.0
WDR92,0.0
MAP2K5,0.0
PDRG1,0.0
GPSM3,0.0
FGF7,0.0
CEPT1,0.0
CHD5,0.0
CHTF18,0.0
FGF4,0.0
KIAA1849,0.0
COPG2,0.0
CPSF1,0.0
SMG7,0.0
CYR61,0.0
DDX1,0.0
DDX20,0.0
RNF130,0.0
PEBP4,0.0
TERT,0.0
TOPBP1,0.0
ASXL1,0.0
NRP1,0.0
FIGF,0.0
IDH3B,0.0
IDH3G,0.0
A2R,0.0
IGF2BP2,0.0
VEGFC,0.0
ILVBL,0.0
INTS1,0.0
CD93,0.0
IPO13,0.0
IPO4,0.0
IL1RN,0.0
PDGFA,0.0
MAP3K2,0.0
IQGAP3,0.0
DAB2IP,0.0
KIAA1524,0.0
POU1F1,0.0
CDH5,0.0
DUSP7,0.0
PTPN2,0.0
GTF3C3,0.0
PPL,0.0
AHSG,0.0
GCDH,0.0
MXD1,0.0
THOC4,0.0
GSG2,0.0
ITPR1,0.0
GTF3C2,0.0
GTF3C4,0.0
PTPN9,0.0
EMILIN1,0.0
CD63,0.0
ITGA2,0.0
HEATR1,0.0
PSAP,0.0
HIST1H2BL,0.0
HNRNPA0,0.0
PTPRH,0.0
DYNLL2,0.0
ZBP1,0.0
EXOSC4,0.0
GCN5L2,0.0
ATP6V0C,0.0
ANGPT2,0.0
ANGPT1,0.0
ARPC3,0.0
ARPC4,0.0
ARPC1B,0.0
TADA2L,0.0
SUPT3H,0.0
MYCBP2,0.0
AVEN,0.0
MXI1,0.0
ACVRL1,0.0
EP400,0.0
TGFBR3,0.0
TGFBR1,0.0
IL3,0.0
IL5RA,0.0
IL5,0.0
CSF2RA,0.0
INS,0.0
PTPRM,0.0
UBE2L6,0.0
CD247,0.0
KRT5,0.0
KRT6A,0.0
FBXW8,0.0
PEX19,0.0
PKP2,0.0
PTK2B,0.0
cdk4_human_dna,0.0
S100A9,0.0
AP2S1,0.0
SLC3A2,0.0
4xebox_dna,0.0
TBRG4,0.0
TRIM29,0.0
TRRAP,0.0
MAX,0.0
SH3BGRL,0.0
SH3KBP1,0.0
PIK3C2A,0.0
SH3BGRL3,0.0
MST1,0.0
MAP4K2,0.0
CMTM8,0.0
SH3BP5,0.0
BECN1,0.0
CFL2,0.0
CPVL,0.0
MIA3,0.0
DKFZp434K0435,0.0
DNAJB4,0.0
FAM10A4,0.0
ZC3H7A,0.0
GNAI2,0.0
SHKBP1,0.0
FBXL2,0.0
HIPK2,0.0
TOE1,0.0
RYBP,0.0
DYNC1I1,0.0
BHLHE40,0.0
SYVN1,0.0
LGALS7,0.0
MARK2,0.0
IBTK,0.0
ARID3A,0.0
WDR68,0.0
AKAP5,0.0
INADL,0.0
IL15,0.0
GIPC1,0.0
IL13,0.0
IL4,0.0
ATG16L1,0.0
RICTOR,0.0
KRT33B,0.0
TXLNA,0.0
AURKA,0.0
GATA2,0.0
MYBL1,0.0
MTDH,0.0
NCOA2,0.0
RALBP1,0.0
TRIM41,0.0
TRIM21,0.0
PCAF,0.0
Q6ZTM8,0.0
KRT17,0.0
HELLS,0.0
TOP1,0.0
SNW1,0.0
JAG1,0.0
SNRPF,0.0
TUBB8,0.0
DDX58,0.0
LOC162632,0.0
USP36,0.0
EPHA1,0.0
NGF,0.0
SLC9A3R2,0.0
SLC9A3R1,0.0
RAD23A,0.0
RFX3,0.0
RHEB,0.0
TCEA2,0.0
PTPRR,0.0
LNX1,0.0
PTPRE,0.0
CNTN2,0.0
MRAS,0.0
MAML1,0.0
RNGTT,0.0
P08107,0.0
ETV4,0.0
ZC3H15,0.0
IRF4,0.0
ITPK1,0.0
USF1,0.0
TELO2,0.0
HOXB7,0.0
MAP1S,0.0
USP49,0.0
PHLPP1,0.0
ESR2,0.0
NOP2,0.0
DISC1,0.0
CCNT1,0.0
TCF4,0.0
NEDD4,0.0
PPARG,0.0
TFAP2A,0.0
POU3F2,0.0
RPL37A,0.0
SEMA4A,0.0
RND3,0.0
HGF,0.0
MAP3K7IP3,0.0
SNX1,0.0
ALCAM,0.0
ATP1B1,0.0
RFC4,0.0
nt_006713_14_human,0.0
BCAR1,0.0
CAV2,0.0
CBLB,0.0
CKAP4,0.0
CLTA,0.0
ZNF121,0.0
CTNNA1,0.0
CTNND1,0.0
EFNB1,0.0
EIF2B3,0.0
EPHB4,0.0
EPS15,0.0
XRN1,0.0
HOXC10,0.0
BTC,0.0
TGFA,0.0
SKP2,0.0
CEP192,0.0
HGFAC,0.0
NEK3,0.0
NIF3L1,0.0
TBKBP1,0.0
SPATA2L,0.0
NUDT18,0.0
TIFA,0.0
MGEA5,0.0
PTGS2,0.0
ABCB1,0.0
DMBT1,0.0
VAMP3,0.0
FLOT2,0.0
DAD1,0.0
C6orf125,0.0
POU3F3,0.0
EFEMP2,0.0
AXIN1,0.0
mm-1,0.0
SNURF,0.0
RFWD2,0.0
CCNB2,0.0
ITGB1BP1,0.0
MMP9,0.0
ALOX12,0.0
PRKACB,0.0
PSEN2,0.0
MED1,0.0
BRCA2,0.0
TTN,0.0
WNK3,0.0
EFNA1,0.0
ATRX,0.0
EPHA3,0.0
CENPC1,0.0
DAPK3,0.0
DEK,0.0
MCRS1,0.0
SLC2A4,0.0
MARK3,0.0
TCF7L2,0.0
ITGA1,0.0
RRM2,0.0
CUL7,0.0
TJP1,0.0
CEBPB,0.0
CDKN2C,0.0
CDKN1A,0.0
CCL18,0.0
CCDC106,0.0
BTBD2,0.0
BARD1,0.0
ARL3,0.0
APTX,0.0
AP002907,0.0
AP000920,0.0
ANXA3,0.0
MTNR1A,0.0
MTNR1B,0.0
AC008532,0.0
OTUD1,0.0
RCHY1,0.0
PROTOR1,0.0
TAF6,0.0
TPX2,0.0
NQO1,0.0
RRM2B,0.0
THRB,0.0
GTF2H1,0.0
HDAC8,0.0
MED25,0.0
CD2AP,0.0
TNRC15,0.0
MYST1,0.0
LAT,0.0
TSG101,0.0
CD72,0.0
PIK3C3,0.0
HIP2,0.0
NUDT10,0.0
NUMB,0.0
GNG12,0.0
FES,0.0
DOK5,0.0
APBB2,0.0
SH2B1,0.0
NUMBL,0.0
EGR1,0.0
OGFR,0.0
LMO2,0.0
PIAS4,0.0
UBE2A,0.0
AC008073,0.0
BMP1,0.0
CABLES1,0.0
cd44_human_dna,0.0
CUL9,0.0
HIPK1,0.0
JMY,0.0
PML,0.0
ZNF385A,0.0
RAD51,0.0
rchy1_human_gene,0.0
RNF20,0.0
RNF40,0.0
SIN3A,0.0
TP63,0.0
PTP4A3,0.0
VRK1,0.0
COX17,0.0
DLEU1,0.0
RASGRF1,0.0
WDR48,0.0
SUGT1,0.0
TMOD3,0.0
TRAF7,0.0
USP39,0.0
TUBA1C,0.0
USP11,0.0
TUBB3,0.0
TP53TG1,0.0
UBL4A,0.0
VBP1,0.0
Z85996,0.0
PCDHA4,0.0
KIAA0087,0.0
TMSB4X,0.0
TK1,0.0
THAP8,0.0
SULT1E1,0.0
STX5,0.0
SNRPN,0.0
WDR33,0.0
XRCC1,0.0
EIF2S2,0.0
SCRIB,0.0
MYO1A,0.0
NMT1,0.0
MT1A,0.0
MAP1B,0.0
PFDN4,0.0
PFDN6,0.0
PIH1D1,0.0
PLOD1,0.0
ING4,0.0
PYGM,0.0
RMP,0.0
CHEK1,0.0
RPAP3,0.0
C16orf53,0.0
ZNF24,0.0
ZCCHC10,0.0
RQCD1,0.0
S100A7,0.0
SCO2,0.0
KPNA3,0.0
COMMD3,0.0
COMMD4,0.0
COMMD5,0.0
DRD2,0.0
ARHGAP24,0.0
p53_be_human_dna,0.0
P06748-1,0.0
BTBD12,0.0
DMWD,0.0
NFYB,0.0
NFYA,0.0
MPHOSPH6,0.0
KCNJ2,0.0
MAPKAPK5,0.0
MAPK11,0.0
MAGEB18,0.0
MAD2L1BP,0.0
HNRNPUL1,0.0
CS,0.0
GSTM4,0.0
FXYD6,0.0
FAM173A,0.0
PSEN1,0.0
DRD3,0.0
CASR,0.0
FCGR2C,0.0
COMMD6,0.0
COMMD7,0.0
COMMD8,0.0
COMMD9,0.0
SERPINB9,0.0
SCAMP1,0.0
G22P1,0.0
FCN2,0.0
RPS7,0.0
PAFAH1B3,0.0
FCGR2A,0.0
RAB4A,0.0
IL1A,0.0
PPA1,0.0
NLRC4,0.0
PIAS1,0.0
PBK,0.0
KIAA1128,0.0
CRMP1,0.0
